acc_x, acc_y, angular_z, stamp, 
0.08294039964675903, -0.10348063707351685, 0.0007138453657544075, 1791555098562901774
0.0023987293243408203, -0.08957570791244507, -0.00247086667098503, 1791555098590522558
-0.0652538537979126, 0.0756877064704895, -0.0013776956165917542, 1791555098620634474
-0.0504111647605896, 0.10960805416107178, 0.001283122503607709, 1791555098650549947
0.03896898031234741, -0.09584951400756836, 0.0009274991992604527, 1791555098740636073
-0.01766335964202881, -0.011562943458557129, 0.0014072833006384298, 1791555098771681812
-0.05422806739807129, 0.03183579444885254, -0.0006343960374963697, 1791555098803440817
0.011077642440795898, 0.015717625617980957, 0.000564003903515257, 1791555098860702333
0.05864250659942627, -0.038388073444366455, 0.0005611065449122665, 1791555098890869721
0.009841382503509521, -0.08151453733444214, -0.00032144799229430634, 1791555098920723363
-0.01914036273956299, 0.00849086046218872, 0.0005643811912599582, 1791555098950716652
-0.03671485185623169, 0.05520761013031006, 3.9038771664624704e-05, 1791555098979729712
-0.02615147829055786, 0.026750922203063965, -0.0006503594176215072, 1791555099010890061
-0.042584359645843506, 0.051974356174468994, 0.00019253325680778136, 1791555099043706645
-0.014137208461761475, 0.07342308759689331, -0.0007507935478258703, 1791555099070886069
0.038623034954071045, -0.021644532680511475, -0.0010698639098859297, 1791555099099867062
0.03732079267501831, -0.041247785091400146, -0.0010301426144582824, 1791555099129844134
-0.009747684001922607, -0.03978073596954346, -0.0006553305409565186, 1791555099160922794
-0.00758284330368042, 0.0214499831199646, 0.0003856624912568024, 1791555099190918684
-0.034721434116363525, 0.05352282524108887, -0.0005010557409780568, 1791555099220981141
0.0011104941368103027, 0.030316650867462158, -0.00014223786455309388, 1791555099251447839
0.024549901485443115, -0.018436908721923828, 0.0006895490865955131, 1791555099283807491
0.018875718116760254, -0.009653210639953613, -0.00035295699575182385, 1791555099311074903
0.031422317028045654, -0.05630069971084595, 5.470026666146202e-05, 1791555099341005519
-0.011649847030639648, 0.006878256797790527, -2.9268379138190744e-06, 1791555099371130252
-0.020881354808807373, 0.04485040903091431, -4.869589091915379e-06, 1791555099401065460
-0.0285455584526062, 0.021992385387420654, -4.667734100496568e-06, 1791555099501286200
0.012748539447784424, 0.00041562318801879883, -4.630224184506083e-06, 1791555099531169582
0.00031363964080810547, -0.03918290138244629, -2.579531563603397e-06, 1791555099561169858
0.0057135820388793945, -0.021095752716064453, -2.526018378250756e-06, 1791555099591288274
-0.010650277137756348, 0.020359814167022705, -2.502934672858137e-06, 1791555099621207923
-0.010791242122650146, 0.03279602527618408, -4.246443757963231e-06, 1791555099652602441
-0.0020394325256347656, 0.0002791285514831543, -6.180595464483541e-06, 1791555099683635362
0.026616692543029785, -0.02133840322494507, -4.713244454403241e-06, 1791555099711463491
0.040430665016174316, -0.026902973651885986, -3.625025112988755e-07, 1791555099741598071
-0.01022481918334961, -0.012564003467559814, -2.3390604443094955e-06, 1791555099771357827
-0.03348129987716675, 0.012731790542602539, -2.273118315073845e-06, 1791555099801654158
0.023870527744293213, 0.014400601387023926, -2.295190873442245e-06, 1791555099831379413
0.02920609712600708, 0.005568861961364746, -2.2429188309889174e-06, 1791555099861495645
0.01267176866531372, -0.0030957460403442383, -4.2204920079813605e-06, 1791555099891480383
-0.01822960376739502, 0.00794297456741333, -2.060499546061311e-06, 1791555099923689363
0.019606053829193115, -0.0027460455894470215, -2.375937199733566e-06, 1791555099951434640
0.030472755432128906, -0.027890145778656006, -2.185803088739075e-06, 1791555099981391948
0.02469003200531006, 0.0062487125396728516, -4.1504266669386405e-06, 1791555100011413658
-0.027969539165496826, 0.022368431091308594, -1.6679161705444073e-07, 1791555100040823477
-0.027748584747314453, 0.04580128192901611, -2.0913448155345378e-06, 1791555100071483478
0.015469193458557129, 0.007922530174255371, -1.4066359756023682e-07, 1791555100101464842
0.05656391382217407, -0.008390724658966064, -4.0708568593884524e-06, 1791555100131704946
0.01660752296447754, -0.013759911060333252, -1.0845836007720374e-07, 1791555100164189009
-0.07361668348312378, -0.011962175369262695, -2.283801603632387e-06, 1791555100191674894
-0.03203260898590088, 0.02375108003616333, -2.0857385499978706e-06, 1791555100221666571
0.05106186866760254, -0.012216925621032715, -2.079936205951033e-06, 1791555100251664829
0.031045138835906982, -0.012326657772064209, -8.56034855657032e-08, 1791555100281629348
-0.0001334547996520996, -0.014210760593414307, -6.03372937502289e-06, 1791555100311647498
-0.05382019281387329, 0.007311701774597168, -6.025181341634982e-06, 1791555100341677687
0.015242993831634521, 0.010877490043640137, -6.024652287820721e-06, 1791555100371695799
0.03687387704849243, -0.007292449474334717, -3.8100454249610025e-06, 1791555100403490141
0.0060364603996276855, -0.003669559955596924, -8.033771946374787e-08, 1791555100441698878
-0.06212174892425537, 0.023239731788635254, -2.037303605146163e-06, 1791555100471733874
0.03222471475601196, 0.039376914501190186, -5.126282965309578e-08, 1791555100501726730
0.05019199848175049, -0.0023190975189208984, -4.732556520002068e-08, 1791555100532238954
0.017457306385040283, -0.014945387840270996, -4.1207685566420014e-08, 1791555100563501104
-0.060068726539611816, 0.01741957664489746, -3.7754066113514594e-08, 1791555100594062702
-0.04189574718475342, 0.006418883800506592, -3.9899492732337576e-08, 1791555100621013639
0.03217124938964844, 0.01879274845123291, -3.30033485313872e-08, 1791555100651874240
0.0643165111541748, 0.004235446453094482, -1.8293817787134224e-08, 1791555100674411253
-0.018904447555541992, -0.013969242572784424, -2.1725256837857917e-06, 1791555100702224324
-0.06739979982376099, -0.010391473770141602, -2.4603158653470926e-08, 1791555100732024076
0.0032606124877929688, -0.017606675624847412, -2.391368779318597e-08, 1791555100762220127
0.04849040508270264, -0.017570018768310547, -2.330768544450109e-08, 1791555100791948031
0.026518404483795166, 0.0021920204162597656, -1.99868333067655e-06, 1791555100822085803
-0.03144115209579468, 0.004196345806121826, -1.889691762636451e-08, 1791555100851984888
-0.031127870082855225, 0.04583430290222168, -1.710760095143719e-08, 1791555100883537503
0.05194276571273804, 0.004527091979980469, -1.7134156434535697e-08, 1791555100914563978
0.058756351470947266, 0.011541008949279785, -2.182637494397334e-06, 1791555100942096271
-0.001228630542755127, -0.010051727294921875, -1.3529079374303421e-08, 1791555100972083507
-0.042771220207214355, 0.015277385711669922, -1.1888888867675275e-08, 1791555101002156722
-0.015490174293518066, 0.04034411907196045, -1.1384009071418677e-08, 1791555101032098669
0.06543189287185669, 0.0024306178092956543, -1.0944465447433453e-08, 1791555101062112202
0.04712265729904175, -0.0030893683433532715, -9.369914039121373e-09, 1791555101092186512
-0.01455003023147583, -0.01929342746734619, -7.366462528731011e-09, 1791555101124022468
-0.035394251346588135, 0.025730907917022705, -1.0452323262806658e-08, 1791555101162201729
0.03342634439468384, -0.008584976196289062, -7.88198632182326e-09, 1791555101192321222
0.03887289762496948, -0.01038825511932373, -7.555772298806534e-09, 1791555101222368686
0.011686265468597412, 0.004046082496643066, -6.720574111879169e-09, 1791555101252248643
-0.061758995056152344, 0.007671356201171875, -6.2625043943381145e-09, 1791555101282928755
0.00014007091522216797, 0.029110610485076904, -6.254437334483856e-09, 1791555101315293465
0.03473556041717529, -0.006907463073730469, -2.20125344086645e-06, 1791555101342461691
0.027142643928527832, 0.00552213191986084, -6.041840260717307e-09, 1791555101372349193
-0.05723601579666138, 0.011013269424438477, -5.464853158593076e-09, 1791555101402347763
-0.029642224311828613, 0.007460236549377441, -5.445512717912405e-09, 1791555101432537020
0.04099088907241821, -0.005255281925201416, -5.6833174004840245e-09, 1791555101462473475
0.06965988874435425, -0.010643362998962402, -5.288958891129154e-09, 1791555101492485533
-0.004451096057891846, -0.0015603899955749512, -1.925453118562959e-06, 1791555101523515020
-0.04931318759918213, 0.02368342876434326, -4.031026489784887e-09, 1791555101555452344
-0.01300281286239624, 0.01448047161102295, -0.00022318253940934186, 1791555101582425929
0.1374407410621643, -0.04288923740386963, -0.001565937320111682, 1791555101612457682
2.1698598861694336, 0.1666637659072876, 0.006923766364559091, 1791555101642455866
1.194530725479126, 0.06463003158569336, 0.02296573349196524, 1791555101672489601
0.9586517810821533, -0.2878164052963257, -0.007049559639658542, 1791555101702684806
0.9485344290733337, -0.07630455493927002, -0.008593981010512943, 1791555101732709561
1.063536524772644, 0.40146327018737793, -0.010024735727419812, 1791555101764176703
0.27705734968185425, -0.29784518480300903, -0.01352597709825369, 1791555101796012384
0.3805309534072876, -0.16135847568511963, 0.0021803624735504, 1791555101832551945
0.033711135387420654, 0.08429491519927979, 0.0016568455344168466, 1791555101862642387
-0.36047106981277466, 0.059957027435302734, -0.03255925033054112, 1791555101892578588
-0.06514769792556763, -0.00959855318069458, -0.04032475844146714, 1791555101924099424
-0.0346718430519104, -0.1418636441230774, -0.033320773837140306, 1791555101956220677
-0.25292903184890747, -0.1669139266014099, -0.007468426780777526, 1791555101992638010
0.11298078298568726, 0.11580514907836914, 0.010460355196229789, 1791555102022760406
0.16637611389160156, 0.21467339992523193, -0.005490346578891945, 1791555102052704735
-0.045073866844177246, -0.16173821687698364, -0.00426246929566657, 1791555102083569660
0.31102943420410156, -0.2916889190673828, 0.023494612942347715, 1791555102114860471
-0.09314441680908203, -0.04656440019607544, 0.00728264885374757, 1791555102152793918
-0.22023683786392212, 0.11347109079360962, -0.0075933288830310215, 1791555102182783802
-0.1965753436088562, -0.09614032506942749, -0.005068886448731592, 1791555102211860779
0.1627674102783203, 0.1289038062095642, 0.002223106921099376, 1791555102243683004
0.013220071792602539, -0.020517468452453613, 0.019008436907927535, 1791555102276683668
0.26590991020202637, -0.017084896564483643, 0.010609868741651587, 1791555102302965062
0.004499077796936035, 0.36159300804138184, 0.007010652853530719, 1791555102333287846
-0.07649636268615723, -0.2775270938873291, 0.0016995663568557468, 1791555102362956037
-0.20718109607696533, 0.2212982177734375, 0.008273174689837575, 1791555102393331239
0.011335551738739014, 0.1905164122581482, -0.0008894627258417074, 1791555102422938024
0.01002413034439087, -0.11614024639129639, -0.02123182131255171, 1791555102453158738
-0.11239093542098999, -0.05501276254653931, 0.008727680395085386, 1791555102483613057
-0.3193272352218628, -0.05432039499282837, 0.004069300670699208, 1791555102516676821
0.11200535297393799, 0.10967838764190674, 0.0006241725696019993, 1791555102543098640
0.176719069480896, -0.11949330568313599, -0.0006453012085129117, 1791555102573074117
0.3413546681404114, 0.03935098648071289, -0.009898756424761316, 1791555102603050965
-0.007555484771728516, -0.05757629871368408, 0.015072250138456356, 1791555102633121041
0.014811873435974121, 0.025465309619903564, 5.9752432430610695e-05, 1791555102663116034
-0.14779925346374512, 0.1424618363380432, 0.027156694880750263, 1791555102693102207
-0.026447296142578125, -0.22584307193756104, 0.023535445702893898, 1791555102723987114
0.15834951400756836, 0.019171059131622314, -0.011447842738778304, 1791555102755965387
-0.05090129375457764, 0.014714419841766357, -0.008777696837754891, 1791555102783271318
0.6222252249717712, 0.05144703388214111, -0.012037077967010933, 1791555102813193097
-0.2890288829803467, -0.01880931854248047, 0.0076254353208061705, 1791555102843197750
-0.006209194660186768, -0.027566492557525635, 0.015850982845813242, 1791555102873195057
-0.17708003520965576, 0.030412733554840088, 0.021085917943965183, 1791555102903261769
-0.02006608247756958, -0.09995388984680176, -0.005283578980527129, 1791555102933241552
-0.2670844793319702, 0.06023728847503662, -0.029055433973625536, 1791555102964538261
0.27038002014160156, -0.07389843463897705, -0.015076080476007508, 1791555102994827324
-0.015074670314788818, -0.15657860040664673, -0.00200674151040352, 1791555103033338613
0.28665584325790405, 0.0069495439529418945, 0.0007905960975648256, 1791555103063367658
-0.1004369854927063, 0.14598029851913452, -0.007216370132953477, 1791555103093575209
0.5275638699531555, -0.16060024499893188, -0.0061283109095486695, 1791555103123672616
-0.26760613918304443, 0.095958411693573, -0.0016460350068992244, 1791555103156245718
0.30473947525024414, -0.08669304847717285, 0.006228000141922843, 1791555103183770158
-0.3310467004776001, -0.24520343542099, 0.009534403062516381, 1791555103213529566
0.1139485239982605, 0.3131985664367676, 0.009372252924780597, 1791555103243707899
0.23304957151412964, 0.0715455412864685, 0.017292451244595247, 1791555103273579044
-0.34414106607437134, -0.43128645420074463, 0.007180328507356229, 1791555103303510040
-0.07898068428039551, 0.4716063141822815, 0.017366735207424204, 1791555103333518184
-0.1510167121887207, -0.23139828443527222, 0.01579744016694226, 1791555103363589842
-0.3492145538330078, -0.1420465111732483, 0.0064045083918074395, 1791555103396175399
0.25615543127059937, 0.25316792726516724, -0.005431798129163274, 1791555103423667922
-0.00922846794128418, -0.2371528148651123, -0.014341033183539121, 1791555103453568685
-0.18893098831176758, 0.14423227310180664, 0.006543377588163932, 1791555103483620123
0.02796626091003418, -0.04436790943145752, 0.0005222744439929612, 1791555103513617231
0.11378985643386841, -0.3157035708427429, -0.017962836309558246, 1791555103543681407
0.014558494091033936, 0.2059307098388672, -0.008216326790231853, 1791555103574166804
0.1320420503616333, -0.1054610013961792, -0.005393245682768293, 1791555103604395513
-0.4005066752433777, -0.10998892784118652, 0.00036176655490699846, 1791555103636008884
-0.0033857226371765137, 0.3474499583244324, 0.0107210326377964, 1791555103663805835
-0.20796829462051392, -0.48364174365997314, 0.006989754168538502, 1791555103693764573
0.03347271680831909, 0.05460250377655029, -0.01662309157325053, 1791555103723784220
0.11691820621490479, 0.5811371803283691, -0.003668044480695537, 1791555103753067327
-0.1571844220161438, -0.23383969068527222, -0.009930871667855614, 1791555103783051283
0.2870241403579712, -0.1622200608253479, -0.004784224116950324, 1791555103814037928
-0.4484221935272217, 0.13351374864578247, 0.01214273776298422, 1791555103842911893
0.30102968215942383, -0.17067551612854004, 0.008799544159645442, 1791555103875946336
0.040112316608428955, 0.041087448596954346, 3.2860454347194335e-05, 1791555103906718059
0.08169150352478027, 0.11150932312011719, 0.006849323227174188, 1791555103943971609
-0.4422144889831543, -0.28034889698028564, 0.005653655766888533, 1791555103973984373
-0.013086676597595215, -0.0089835524559021, 0.005208823306985575, 1791555104004229162
0.17648190259933472, 0.3991244435310364, -0.023133742275774624, 1791555104034838432
0.6053488850593567, 0.019099652767181396, -0.030855767927094623, 1791555104066685970
-0.38777875900268555, -0.0613742470741272, -0.013199257676483256, 1791555104103060574
0.02808457612991333, -0.32796329259872437, -0.0021456956559572954, 1791555104134085904
-0.18957674503326416, 0.5767357349395752, 0.009910344873601241, 1791555104164104691
0.47650855779647827, -0.4155160188674927, -0.005741500153917183, 1791555104196085334
-0.3348284363746643, -0.05579191446304321, -0.0025779619822505055, 1791555104226987603
0.28281456232070923, 0.7690179347991943, 0.01951446620479306, 1791555104254228746
-0.30066102743148804, -0.8432079553604126, 0.008265215748953187, 1791555104284141111
-0.2596643567085266, -0.13876765966415405, 0.01808652515136174, 1791555104314222984
0.18478542566299438, 0.9492877125740051, 0.007076958999513954, 1791555104344425804
-0.37232011556625366, -0.8705056309700012, -0.016713824439442606, 1791555104374236634
-0.14704769849777222, -0.38782644271850586, 0.004657919424695412, 1791555104404216516
-0.038768112659454346, 1.4178564548492432, 0.011500264974336578, 1791555104436208906
0.33265841007232666, -0.6400879621505737, 0.003453497671649519, 1791555104466910592
-0.5593245029449463, -0.696492612361908, -0.01478261338652339, 1791555104494270808
0.5453910827636719, 1.224878191947937, -0.03142510757497184, 1791555104524270617
-0.40685540437698364, -0.40773385763168335, -0.014804211208858034, 1791555104554399906
-0.15402597188949585, -0.9729964137077332, 0.01131363575935702, 1791555104584337645
0.06556534767150879, 1.305194616317749, -0.00618870667547055, 1791555104614541178
-0.33058810234069824, -0.02838456630706787, -0.01998007606891951, 1791555104644365793
0.021981477737426758, -1.0046042203903198, -0.006629122608274625, 1791555104676274776
0.160577654838562, 0.8901422023773193, 0.022002056446708235, 1791555104707749513
0.26227128505706787, 0.5561539530754089, 0.02660531342864355, 1791555104734611484
-0.39899545907974243, -1.1840572357177734, -0.0038312900264334004, 1791555104764683910
0.04947715997695923, 0.09074956178665161, -0.008342636037354615, 1791555104794497011
0.2499571442604065, 0.9736261963844299, 0.01684765774048212, 1791555104824526310
-0.15552788972854614, -0.8541404008865356, 0.015113380838623305, 1791555104854548711
-0.4516228437423706, -0.579848051071167, 0.0062401686279024374, 1791555104884580865
-0.015896081924438477, -0.06965851783752441, -0.02313394793354223, 1791555104916106189
0.11176085472106934, 0.9074398279190063, -0.0053996183744136, 1791555104947500101
0.32610273361206055, 0.7752618193626404, -0.006920762607998737, 1791555104984533853
-0.4330134391784668, -1.291454792022705, -0.0016897526101216406, 1791555105015004849
0.014082729816436768, 0.019754648208618164, -0.014973505316915792, 1791555105044578101
0.06814062595367432, 1.334708333015442, -0.01138009137447146, 1791555105076277823
-0.1937323808670044, -0.7688506245613098, -0.01300631493772575, 1791555105106857703
-0.2032814621925354, -1.1019365787506104, 0.011907559338943002, 1791555105133820809
0.026876866817474365, 1.5980489253997803, 0.04055276858665176, 1791555105163867800
0.2909085750579834, 0.44188183546066284, 0.010689625164352543, 1791555105194903035
-0.26547718048095703, -1.4875226020812988, -0.00733911974076968, 1791555105225066831
-0.23822200298309326, 0.4275081157684326, 0.022007522630444146, 1791555105254798377
0.5785806179046631, 1.1782783269882202, 0.009480008825462507, 1791555105284786279
0.11769169569015503, -0.8573593497276306, -0.001124455178687074, 1791555105316150614
-0.10614949464797974, -0.8385812044143677, -0.006213173441503044, 1791555105346836854
0.053543031215667725, 0.9488705992698669, 0.0026729304037191462, 1791555105374991313
-0.0238797664642334, 0.5152676701545715, -0.00016175170160271, 1791555105404818675
-0.2993026375770569, -1.2821294069290161, -0.0026294935675388073, 1791555105433852429
-0.15771925449371338, -0.020975053310394287, -0.02286364469351482, 1791555105463848397
0.8647736310958862, 1.0418469905853271, -0.018174996005790284, 1791555105494906926
-0.23087966442108154, -0.1361445188522339, -0.00567374553367909, 1791555105524959615
-0.3254097104072571, -0.9589138031005859, 0.011582701663180464, 1791555105555901814
0.13676053285598755, 0.2960786819458008, 0.023543980238740513, 1791555105588278787
0.35690444707870483, 0.6974285244941711, 0.004784566099083236, 1791555105615111783
0.0029973983764648438, -0.19437175989151, 0.005201467907604328, 1791555105645026534
0.25197458267211914, 0.2638446092605591, 0.016380914499879575, 1791555105668288826
-0.042609453201293945, 1.1101703643798828, 0.025214476818094265, 1791555105695107756
0.07941800355911255, -0.41118383407592773, -0.0059888843886765, 1791555105725207986
-0.3480173945426941, -0.7756676077842712, -0.011797454718565812, 1791555105755232713
-0.2513456344604492, -0.7748380899429321, 0.018476246758983524, 1791555105784076281
-0.11667865514755249, 0.6797623038291931, 0.009280515831220467, 1791555105815125620
0.5055399537086487, 0.9542761445045471, -0.004001283472796889, 1791555105844098009
-0.03285062313079834, -0.9028645157814026, -0.04786985631917713, 1791555105876207956
-0.5804666876792908, -0.8859623670578003, -0.017966197339470292, 1791555105908781504
-0.12186604738235474, 0.9043263792991638, 0.004076774995994243, 1791555105935215339
0.24386155605316162, 0.9375582933425903, 0.006975717585515224, 1791555105965180848
0.32421666383743286, -0.6293954849243164, -0.012669805908074904, 1791555105995364700
0.02574402093887329, -0.9353585243225098, -0.0024449544090875287, 1791555106025225275
-0.025191903114318848, 0.4976782202720642, 0.022982254049808894, 1791555106055296628
-0.23872292041778564, 0.9491277933120728, 0.021537448301645477, 1791555106085284168
-0.10118770599365234, -0.1333538293838501, 0.016196369908817433, 1791555106115932346
-0.0671423077583313, -0.922784149646759, -0.005604251074240447, 1791555106147965537
0.13252532482147217, -0.1431128978729248, -0.0032572112295516783, 1791555106175434740
0.44226378202438354, 0.7639752626419067, 0.021825795634072605, 1791555106205481394
0.024411916732788086, 0.305569589138031, 0.007864852373786521, 1791555106235487814
-0.5606015920639038, -0.8159278035163879, -0.024177014424968887, 1791555106265400657
-0.00798100233078003, -0.0326770544052124, -0.037239962502490544, 1791555106295410941
0.35801976919174194, 0.4413191080093384, -0.021941978309245245, 1791555106325444349
-0.14352071285247803, 0.09373825788497925, 0.014268130853953356, 1791555106356472966
0.034353673458099365, -0.3873939514160156, -0.005029345828499954, 1791555106387993071
-0.45590054988861084, -0.19945114850997925, -0.020859515122193424, 1791555106415509669
-1.4622430801391602, 0.31923550367355347, 0.027547468163378722, 1791555106445494297
-1.4501301050186157, 0.40131115913391113, 0.023758175229068968, 1791555106475526460
-1.1076191663742065, -0.5578364729881287, 0.0198288329164499, 1791555106504866386
-1.0598375797271729, 0.001723945140838623, -0.006714446980061938, 1791555106535617551
-0.8261867165565491, 0.24450433254241943, 0.0018378503644960295, 1791555106565705054
-1.100313425064087, 0.10217612981796265, 0.0003546548683772891, 1791555106596071174
-0.772702157497406, -0.018786132335662842, 0.004857504066457678, 1791555106628135312
-0.762215793132782, 0.12303954362869263, 0.005796404766080203, 1791555106665616402
-0.23548412322998047, -0.0885050892829895, -0.007429503853524516, 1791555106695659427
0.12613296508789062, 0.0143013596534729, -0.02073262156465266, 1791555106725673134
0.19148296117782593, 0.037310659885406494, 0.0028082713947226883, 1791555106756406892
-0.037284255027770996, -0.03119051456451416, 0.016289377300393704, 1791555106788164412
-0.058647751808166504, 0.01588386297225952, -0.00208633067475383, 1791555106815790684
-0.1077386736869812, -0.014426827430725098, -0.008330935761469914, 1791555106845711207
-0.00908893346786499, 0.03906756639480591, 0.002853395064314675, 1791555106875916655
0.06479889154434204, 0.06757533550262451, 0.007702067162009071, 1791555106905757436
0.0050667524337768555, -0.04185217618942261, -0.0019181315040927357, 1791555106935806141
0.020751476287841797, -0.06834852695465088, -0.006183995064754809, 1791555106965791424
-0.02592235803604126, 0.01099318265914917, 0.0015739282555475684, 1791555106996769093
-0.10549318790435791, 0.06995022296905518, 0.004819690023785358, 1791555107027946454
-0.06960338354110718, 0.008985042572021484, -0.0015675719783738945, 1791555107057947013
0.018532991409301758, 0.028498411178588867, -0.0030938480600018426, 1791555107095977776
0.3950423002243042, -0.03493136167526245, -0.0001399533565949928, 1791555107126224729
1.6857537031173706, -0.006257057189941406, -0.016224945966711896, 1791555107156140038
1.5646312236785889, 0.1696077585220337, -0.016807830504581154, 1791555107188810134
0.7054845094680786, 0.10932493209838867, 0.004987805428640521, 1791555107218621362
1.0488171577453613, -0.12668681144714355, 0.006692218469503209, 1791555107256185770
1.2853708267211914, 0.04034227132797241, 0.009858254064111855, 1791555107286037465
0.2328646183013916, 0.04913830757141113, -0.010347596537115497, 1791555107316507731
1.035436749458313, -0.2804434895515442, -0.011201493118161777, 1791555107348199121
0.6340292096138, 0.2362956404685974, 3.5113765649352385e-05, 1791555107378520753
1.3925211429595947, 0.3756372928619385, 0.01095402641865278, 1791555107405286079
0.572303831577301, 0.3193970322608948, -0.0027989034083074965, 1791555107436400676
-0.17388105392456055, -0.5178921222686768, -0.003741150403340522, 1791555107458514534
0.44202882051467896, -0.7719408273696899, -0.01778425110582419, 1791555107496168114
-0.5223707556724548, -0.0011088848114013672, -0.011577879162258196, 1791555107525170248
-0.3885471820831299, -0.2332932949066162, 0.00674350281899177, 1791555107556464291
-0.02210521697998047, 0.4992436170578003, 0.019948471694969, 1791555107588508473
-0.047991275787353516, 0.7567541599273682, 0.01656112272194856, 1791555107618988690
0.2261297106742859, 0.0913882851600647, 0.016422483688924357, 1791555107646328128
-0.10521697998046875, -0.8477349281311035, -3.689680437278116e-06, 1791555107676290661
0.31057828664779663, -0.5095585584640503, -0.005468402185282246, 1791555107706332211
-0.6262145638465881, 0.3066418170928955, 0.011302679542637629, 1791555107736350227
-0.13561630249023438, 0.0623587965965271, 3.917849268576749e-05, 1791555107766369370
-0.2677226662635803, 0.21783268451690674, -0.004053388714526198, 1791555107796616034
0.17416000366210938, 0.38179951906204224, -0.01699763214555406, 1791555107828486281
-0.23097670078277588, -0.046517908573150635, -0.014788237717079053, 1791555107859817828
-0.18394631147384644, -0.5374877452850342, 0.010733571069486525, 1791555107886537340
0.19881564378738403, -0.8270675539970398, 0.009095132148657592, 1791555107916514701
0.28365808725357056, -0.002922236919403076, -0.012410626509843172, 1791555107946420271
0.1726275086402893, 0.5175251960754395, 0.024387335081581883, 1791555107976798307
0.2818452715873718, 0.2761348485946655, 0.013559101105218794, 1791555108006539416
-0.4366229772567749, 0.7773109674453735, 0.009668303818987076, 1791555108036742448
0.17075395584106445, -0.0707818865776062, -0.01546510833653823, 1791555108068378713
0.029539167881011963, -0.7465443015098572, -0.0038361720271121343, 1791555108098879161
0.41269564628601074, -0.8599657416343689, 0.018922141085964527, 1791555108126643716
-0.14787214994430542, -0.3323689103126526, 0.002890241009779067, 1791555108156589672
-0.42947423458099365, 0.7762255668640137, -0.019268258843676785, 1791555108180179064
-0.32546716928482056, 0.6476577520370483, -0.013496806737115855, 1791555108216624512
0.08287918567657471, 0.4687836170196533, -0.003044539047723177, 1791555108246775610
-0.06065928936004639, 0.5731622576713562, -0.006927695051450081, 1791555108275839761
0.17892199754714966, 0.595761239528656, -0.008951357938419953, 1791555108308423924
-0.03124183416366577, 0.43308502435684204, 0.02378527113502037, 1791555108339758788
0.49521583318710327, 0.22158724069595337, 0.027053626966213922, 1791555108366747697
0.15922701358795166, -0.44166481494903564, 0.0011055501948378308, 1791555108396876109
0.03718078136444092, 0.3878019452095032, -0.0008733431862105383, 1791555108419880530
-0.42424124479293823, -0.20810097455978394, 0.016032025942165393, 1791555108457008331
0.023694276809692383, -0.3743876814842224, 0.019934164566446623, 1791555108487017654
-0.1910892128944397, -0.2317405343055725, -0.01911868545641589, 1791555108516773462
-0.22168338298797607, 0.026244282722473145, -0.027492541239196037, 1791555108548333872
-0.006464481353759766, 0.4801466464996338, -0.023031251256267697, 1791555108579987159
0.19768363237380981, 0.6729846596717834, -0.029922026893850706, 1791555108607048966
0.08184438943862915, 0.1581682562828064, -0.001429513133874267, 1791555108635860534
-0.07497948408126831, -0.0016143321990966797, 0.020755559490183626, 1791555108666932062
-0.08565264940261841, -0.26998835802078247, 0.03192730425378522, 1791555108696947208
0.01918870210647583, -0.5811271667480469, 0.01704979170023019, 1791555108727222188
-0.02833080291748047, -0.4599243402481079, 0.008042664832771582, 1791555108756990852
-0.09833985567092896, -0.8551008105278015, 0.011463168298075579, 1791555108787837956
0.1078195571899414, -0.23620909452438354, 0.010158316561492749, 1791555108819982029
0.05566197633743286, -0.4173314571380615, -0.012910439457701154, 1791555108857097886
-0.33692532777786255, -0.5022512078285217, -0.02069195994840367, 1791555108887423956
0.12300640344619751, -0.6692802906036377, -0.0252547135345034, 1791555108917294210
0.1627112627029419, -0.22337853908538818, -0.02434967655364759, 1791555108948342376
0.5077027082443237, 0.2697017192840576, -0.007774252309214909, 1791555108980401743
-0.02702319622039795, 0.35608482360839844, 0.011888207919453104, 1791555109007287809
0.6951643824577332, 0.5340114831924438, 0.01901564645747666, 1791555109037317781
-0.15987026691436768, -0.23574423789978027, 0.02245195206606408, 1791555109060440707
-0.2131144404411316, 0.22445839643478394, 0.01876031884046468, 1791555109096446687
0.26455050706863403, 0.12006473541259766, 0.020386592571611566, 1791555109127371379
0.10281187295913696, 0.4217134118080139, 0.006268475661772407, 1791555109157255583
-0.10922545194625854, 0.4366816282272339, -0.0028031653017252527, 1791555109187246555
-0.24822717905044556, 0.5193458199501038, -0.0006156767371873622, 1791555109220002211
0.1550866961479187, 0.5029363036155701, -0.027971811572676992, 1791555109247355216
-0.18146657943725586, -0.2556467056274414, -0.038509628720518156, 1791555109277424462
-0.3443800210952759, -0.11648428440093994, -0.005512313697697977, 1791555109307343411
0.24893814325332642, -0.461276113986969, 0.007943197558865415, 1791555109337309511
-0.13783401250839233, -0.5418620109558105, -0.012217362961785907, 1791555109367305445
-0.5013740062713623, -0.46121418476104736, 0.007243161887989422, 1791555109397397669
-0.18102920055389404, -0.827595591545105, 0.013157201114348031, 1791555109428730358
0.09712463617324829, -0.2808414697647095, 0.010339066832651546, 1791555109460268854
0.014255821704864502, -0.32087743282318115, 0.00042985806650589864, 1791555109487560582
-0.16501057147979736, -0.050140440464019775, 0.01176901284245384, 1791555109517456828
0.26052409410476685, 0.014249145984649658, 0.004642324992121652, 1791555109547730197
0.31987500190734863, 0.3118966221809387, -0.009833481725821804, 1791555109577897333
-0.09224587678909302, 0.23265057802200317, -0.025559983427783383, 1791555109607645992
0.04647958278656006, 0.4158514738082886, -0.012248099106248224, 1791555109637601637
0.626844584941864, 0.6840879321098328, -0.017934624317232018, 1791555109668120931
0.2398253083229065, 0.22304892539978027, -0.012428896368287309, 1791555109700208044
0.1914650797843933, -0.14114058017730713, 0.010093356719550148, 1791555109737611736
-0.01226508617401123, 0.12066078186035156, 0.029636177573071982, 1791555109767645346
0.24351191520690918, 0.3951968550682068, 0.0005774790200677985, 1791555109797649263
0.22370290756225586, 0.3893072009086609, -0.0005031518290265092, 1791555109828313300
-0.2966417670249939, 0.470883309841156, 0.01079337298877525, 1791555109859965832
0.06559872627258301, 0.4633767604827881, -0.003712992943336393, 1791555109887778322
-0.11435174942016602, 0.2371920943260193, 0.005077378981581579, 1791555109918188030
-0.12232673168182373, 0.4246276617050171, 0.0018244326393465277, 1791555109946829105
-0.09744203090667725, 0.3698228597640991, -0.0004889424807867348, 1791555109976823738
-0.22334420680999756, 0.15731346607208252, -0.01809567481458293, 1791555110007968407
0.1575191617012024, 0.16728705167770386, -0.014544682994772072, 1791555110036819786
0.021520674228668213, 0.6229323744773865, 0.005148669798763288, 1791555110068769936
0.0547754168510437, 0.5005436539649963, -0.0004609439652290982, 1791555110100172426
-0.34184086322784424, 0.5204198360443115, 0.01455645485483519, 1791555110127932328
-0.2962456941604614, 0.2728561758995056, 0.003121759285215957, 1791555110158687210
0.13788938522338867, 0.4429488778114319, 0.006443934904414316, 1791555110188498487
-0.36877042055130005, 0.4528830051422119, 0.0068788344005235764, 1791555110218520382
0.32921016216278076, 0.42532241344451904, 0.0008182716679554575, 1791555110248566288
0.033622562885284424, 0.5032221078872681, -0.025661732778435257, 1791555110278592218
0.7741398811340332, 0.2640027403831482, -0.045424576291047805, 1791555110308566843
-0.006573855876922607, 0.3235875964164734, -0.013084074995511641, 1791555110340267368
-0.29294317960739136, 0.4098924398422241, 0.011409928981459814, 1791555110370178831
0.005847632884979248, 0.048960208892822266, 0.024918384215788996, 1791555110408566668
-0.2967870235443115, -0.2879120111465454, 0.011083855708150122, 1791555110438686056
0.49097079038619995, -0.20148420333862305, 0.0055508224446028, 1791555110467859508
0.21094298362731934, 0.4364451766014099, -0.004472007595882151, 1791555110499995370
0.0030575990676879883, 0.16409552097320557, 0.02082540080935787, 1791555110530430051
0.3217698931694031, -0.5741376280784607, 0.01643191384512431, 1791555110558627225
-0.028219759464263916, 0.453031063079834, -0.01755511471568111, 1791555110588667656
0.33398503065109253, 0.007291853427886963, -0.04113448099215952, 1791555110618679732
-0.4894832372665405, -0.07139337062835693, -0.0076311929750013585, 1791555110648630733
-0.8352539539337158, 0.6335061192512512, 0.014366357142667827, 1791555110678695460
-1.0138829946517944, -0.2136613130569458, 0.013437549363259943, 1791555110708713609
0.54278564453125, -0.17488974332809448, 0.010281575154098584, 1791555110740500854
-0.5281453728675842, -0.011216163635253906, 0.021929245829676366, 1791555110769906929
0.16319090127944946, 0.1871885061264038, 0.00858077204503913, 1791555110799171050
-0.11054235696792603, -0.2309998869895935, 0.0017513771176397655, 1791555110828998589
0.46138113737106323, -0.5916818380355835, -0.006379914650332697, 1791555110858906619
0.04129648208618164, -0.19299018383026123, -0.01038712912931528, 1791555110888676206
-0.12406563758850098, 0.11348915100097656, -0.03348859653388452, 1791555110918733823
-0.46312928199768066, -0.43334484100341797, -0.01930408424137154, 1791555110948760577
0.444246768951416, -0.23895138502120972, 0.0079663089848611, 1791555110980286179
0.10488533973693848, 0.2327568531036377, 0.029134709299634465, 1791555111011176227
-0.17312359809875488, 0.4398002028465271, 0.05140532008274479, 1791555111048741006
-0.025628864765167236, 0.2473081350326538, 0.0019771863237103933, 1791555111078910050
-0.18248730897903442, 0.14744269847869873, -0.009736718255190523, 1791555111108996202
-0.1025506854057312, -0.3049468994140625, 0.02194316604712216, 1791555111140429308
0.16635942459106445, 0.4405226707458496, 0.004500701041279529, 1791555111171235751
0.23842227458953857, -0.26910316944122314, -0.019153611272715084, 1791555111197831977
-0.25388777256011963, -0.365714967250824, 0.002281467049881005, 1791555111228799088
0.34370267391204834, 0.08955574035644531, -0.010006929843692674, 1791555111257829090
-0.20519012212753296, -0.32198840379714966, -0.010218693653530807, 1791555111287823322
-0.05104219913482666, -0.49677854776382446, 0.02540946394852877, 1791555111317985583
0.7748052477836609, -0.4486440420150757, 0.0030190078775995596, 1791555111348964016
-0.17248660326004028, -0.36346375942230225, 0.003875332273635505, 1791555111380303531
0.20172739028930664, -0.2608265280723572, 0.013434606141143581, 1791555111412152404
0.05110466480255127, -0.27854543924331665, 0.012379686239547272, 1791555111438973667
-0.05115807056427002, 0.07863599061965942, -0.009328289633808853, 1791555111469104007
0.1435760259628296, 0.1454683542251587, -0.013376938897544387, 1791555111492073448
0.1760275959968567, -0.05071502923965454, -0.014083645295935669, 1791555111528867390
0.2997957468032837, 0.03880518674850464, -0.021172520700513755, 1791555111558955150
-0.25396013259887695, 0.2289373278617859, -0.004850904079371914, 1791555111589044564
-0.01346743106842041, 0.49404376745224, 0.00566703371679907, 1791555111620243926
0.21768999099731445, -0.23361563682556152, -0.011532547159640824, 1791555111652051841
0.023588895797729492, -0.10919106006622314, -0.0017961716560110448, 1791555111679086908
-0.052710115909576416, -0.82777339220047, 0.026621412418750778, 1791555111709139818
0.22008514404296875, -0.29409122467041016, 0.003379386580026986, 1791555111738989642
-0.1545419692993164, 0.1937718391418457, -0.006601670240061304, 1791555111769064469
-0.20856916904449463, -0.7084939479827881, -0.0024109492744368885, 1791555111799150725
0.10622704029083252, 0.030226051807403564, -0.009528014542549345, 1791555111829162529
0.43700116872787476, 0.3234151005744934, -0.019162875229792948, 1791555111860533707
-0.4085479974746704, 0.10666024684906006, -0.01218970765692355, 1791555111892322628
0.1588367223739624, 0.25981706380844116, 0.0014481420343229565, 1791555111919021550
-0.3023506999015808, 0.05737006664276123, 0.004086602810285885, 1791555111948997524
-0.3054676651954651, 0.2635763883590698, 0.029564725749128037, 1791555111979069495
-0.020226895809173584, 0.21003258228302002, 0.015132600465770753, 1791555112009069180
-0.17293483018875122, -0.08690577745437622, -0.0032036352189477478, 1791555112039039884
0.20864206552505493, -0.3869330883026123, 0.005881923884915358, 1791555112069114943
0.0446169376373291, -0.024737298488616943, 0.027897888598234707, 1791555112100079919
0.3437190055847168, -0.26297903060913086, 0.00040066158214196345, 1791555112132079115
-0.23413687944412231, -0.3899615406990051, -0.010566157691348083, 1791555112159224940
0.28695130348205566, 0.32437747716903687, -0.013445570829191034, 1791555112189149122
0.48839789628982544, -0.5337958931922913, -0.03506047749380812, 1791555112212563449
-0.4921559691429138, 0.17198604345321655, -0.01656723698864608, 1791555112249258148
0.3768351674079895, 0.5814279317855835, 0.019621151348023936, 1791555112279284935
-0.24715203046798706, 0.02982473373413086, 0.00822013082141729, 1791555112309204981
0.04275345802307129, 0.4710823893547058, 0.012171195459526631, 1791555112340121612
-0.06310176849365234, -0.04251366853713989, 0.006322727341875904, 1791555112373175714
-0.5636774897575378, -0.7029626369476318, -0.009871414565970547, 1791555112399351775
0.10854744911193848, -0.09513211250305176, -0.0154032755762394, 1791555112429347192
-0.17255628108978271, -0.04989814758300781, -0.024117258176753933, 1791555112458396561
-0.4612640142440796, 0.26881861686706543, -0.027231345711479216, 1791555112489401198
-0.6610167622566223, -0.15357255935668945, -0.010277040647801, 1791555112518382424
0.4272304177284241, 0.3085355758666992, 0.00026512371899079716, 1791555112548441653
-0.5814539790153503, -0.07988137006759644, 0.02609298231856147, 1791555112580164321
0.48778849840164185, -0.5519300699234009, 0.009496108533203018, 1791555112612206227
-0.05238223075866699, -0.11605286598205566, -0.016225534767947563, 1791555112649455904
0.1321055293083191, 0.3999781012535095, -0.017919307029022183, 1791555112679454093
-0.7191076278686523, 0.12914252281188965, -0.005726913696185898, 1791555112709465656
0.3966015577316284, 0.09119266271591187, -0.03782284751141671, 1791555112740156171
-0.1657814383506775, 0.087954580783844, -0.04766347158249766, 1791555112772261166
-0.06720149517059326, -0.8892695903778076, -0.028024591772331027, 1791555112799578576
0.12307137250900269, 0.14816462993621826, -0.013016373517186526, 1791555112829530712
-0.23547905683517456, 0.026542484760284424, -0.0006274324707079675, 1791555112859574748
0.13407546281814575, -0.7540555000305176, 0.003559431794270911, 1791555112889750093
0.32921457290649414, 0.19731253385543823, -0.011433119519754944, 1791555112919665784
0.3523596525192261, 0.401528537273407, -0.031002002226325168, 1791555112949686735
-0.6249960064888, -0.24470889568328857, -0.00030657118260639935, 1791555112980101376
0.5190569162368774, 0.5239521265029907, -0.012086578326910498, 1791555113012635130
-0.7659215331077576, 0.18139266967773438, -0.03313650824610066, 1791555113039793887
0.503220796585083, -0.23928427696228027, -0.01372190613891283, 1791555113069728304
-0.014167308807373047, 0.14215302467346191, -0.018586216421601357, 1791555113099768757
-0.14573276042938232, 0.16248267889022827, -0.0018901586797342702, 1791555113129777199
